{"ColorSymbology_defaultLinear_attributeColor_0":[1,0,0,1],"ColorSymbology_defaultLinear_attributeColor_1":[1,1,0,1],"ColorSymbology_defaultLinear_attributeColor_10":[1,1,0,1],"ColorSymbology_defaultLinear_attributeColor_11":[0.933701634407043,0.933701574802399,0.0515857264399529,0],"ColorSymbology_defaultLinear_attributeColor_12":[1,1,0,1],"ColorSymbology_defaultLinear_attributeColor_13":[1,1,0,1],"ColorSymbology_defaultLinear_attributeColor_14":[0.773480653762817,1,0,1],"ColorSymbology_defaultLinear_attributeColor_15":[1,0.999999463558197,0.049723744392395,1],"ColorSymbology_defaultLinear_attributeColor_16":[1,1,0,1],"ColorSymbology_defaultLinear_attributeColor_17":[1,1,0,1],"ColorSymbology_defaultLinear_attributeColor_18":[0,0.121546983718872,1,1],"ColorSymbology_defaultLinear_attributeColor_19":[0.178443863987923,0.41509073972702,0.436464071273804,0.187845289707184],"ColorSymbology_defaultLinear_attributeColor_2":[1,0,1,1],"ColorSymbology_defaultLinear_attributeColor_20":[1,1,0,1],"ColorSymbology_defaultLinear_attributeColor_21":[1,1,0,1],"ColorSymbology_defaultLinear_attributeColor_22":[1,1,0,1],"ColorSymbology_defaultLinear_attributeColor_23":[0.173071637749672,0.386740326881409,0.191959485411644,0],"ColorSymbology_defaultLinear_attributeColor_24":[1,1,0,1],"ColorSymbology_defaultLinear_attributeColor_25":[1,1,0,1],"ColorSymbology_defaultLinear_attributeColor_26":[1,0.999999284744263,0.0331491827964783,1],"ColorSymbology_defaultLinear_attributeColor_27":[0.34806627035141,0.348065823316574,0.153841450810432,0],"ColorSymbology_defaultLinear_attributeColor_28":[1,1,0,1],"ColorSymbology_defaultLinear_attributeColor_29":[1,1,0,1],"ColorSymbology_defaultLinear_attributeColor_3":[0.303758829832077,0.175208330154419,0.386740326881409,0],"ColorSymbology_defaultLinear_attributeColor_30":[0.806629836559296,0.553445279598236,0.303043216466904,1],"ColorSymbology_defaultLinear_attributeColor_31":[9.99999997475243e-07,9.99996927930624e-07,9.99989993033523e-07,0],"ColorSymbology_defaultLinear_attributeColor_4":[0,1,1,1],"ColorSymbology_defaultLinear_attributeColor_5":[0,0,1,1],"ColorSymbology_defaultLinear_attributeColor_6":[1,0,0,1],"ColorSymbology_defaultLinear_attributeColor_7":[9.99999997475243e-07,9.99989993033523e-07,9.99989993033523e-07,0],"ColorSymbology_defaultLinear_attributeColor_8":[1,1,0,1],"ColorSymbology_defaultLinear_attributeColor_9":[1,1,0,1],"ColorSymbology_defaultMesh_attributeColor_0":[0.209944725036621,0.128750637173653,0.128750637173653,1],"ColorSymbology_defaultMesh_attributeColor_1":[9.99999997475243e-07,9.99999997475243e-07,9.99989993033523e-07,1],"ColorSymbology_defaultMesh_attributeColor_10":[0.182900354266167,0.435525178909302,0.591160178184509,0.430939197540283],"ColorSymbology_defaultMesh_attributeColor_11":[1,1,0,1],"ColorSymbology_defaultMesh_attributeColor_12":[1,1,0,0.75138121843338],"ColorSymbology_defaultMesh_attributeColor_13":[9.99999997475243e-07,9.99999997475243e-07,9.99989993033523e-07,1],"ColorSymbology_defaultMesh_attributeColor_14":[1,1,0,1],"ColorSymbology_defaultMesh_attributeColor_15":[1,1,0,1],"ColorSymbology_defaultMesh_attributeColor_16":[1,1,0,1],"ColorSymbology_defaultMesh_attributeColor_17":[1,1,0,1],"ColorSymbology_defaultMesh_attributeColor_18":[1,1,0,1],"ColorSymbology_defaultMesh_attributeColor_19":[1,1,0,1],"ColorSymbology_defaultMesh_attributeColor_2":[0.541436553001404,1,0,0.243093907833099],"ColorSymbology_defaultMesh_attributeColor_20":[1,1,0,1],"ColorSymbology_defaultMesh_attributeColor_21":[1,1,0,1],"ColorSymbology_defaultMesh_attributeColor_22":[1,1,0,1],"ColorSymbology_defaultMesh_attributeColor_23":[1,1,0,1],"ColorSymbology_defaultMesh_attributeColor_24":[1,1,0,1],"ColorSymbology_defaultMesh_attributeColor_25":[1,1,0,1],"ColorSymbology_defaultMesh_attributeColor_26":[1,1,0,1],"ColorSymbology_defaultMesh_attributeColor_27":[1,1,0,1],"ColorSymbology_defaultMesh_attributeColor_28":[1,1,0,1],"ColorSymbology_defaultMesh_attributeColor_29":[1,1,0,1],"ColorSymbology_defaultMesh_attributeColor_3":[0,1,0,1],"ColorSymbology_defaultMesh_attributeColor_30":[1,1,0,1],"ColorSymbology_defaultMesh_attributeColor_31":[1,1,0,1],"ColorSymbology_defaultMesh_attributeColor_4":[0,1,1,1],"ColorSymbology_defaultMesh_attributeColor_5":[0,0,1,1],"ColorSymbology_defaultMesh_attributeColor_6":[1,0,0,1],"ColorSymbology_defaultMesh_attributeColor_7":[1,0,0,1],"ColorSymbology_defaultMesh_attributeColor_8":[9.99999997475243e-07,9.99996700556949e-07,9.99989993033523e-07,1],"ColorSymbology_defaultMesh_attributeColor_9":[9.99999997475243e-07,9.99999997475243e-07,9.99989993033523e-07,1],"ColorSymbology_defaultPolygon_attributeColor_0":[9.94475158222485e-07,9.96044946077745e-07,9.99999997475243e-07,1],"ColorSymbology_defaultPolygon_attributeColor_1":[9.99999997475243e-07,9.99999883788405e-07,9.8895020528289e-07,1],"ColorSymbology_defaultPolygon_attributeColor_10":[1,1,0,1],"ColorSymbology_defaultPolygon_attributeColor_11":[1,1,0,1],"ColorSymbology_defaultPolygon_attributeColor_12":[1,1,0,1],"ColorSymbology_defaultPolygon_attributeColor_13":[1,1,0,1],"ColorSymbology_defaultPolygon_attributeColor_14":[1,1,0,1],"ColorSymbology_defaultPolygon_attributeColor_15":[1,1,0,1],"ColorSymbology_defaultPolygon_attributeColor_16":[1,1,0,1],"ColorSymbology_defaultPolygon_attributeColor_17":[1,1,0,1],"ColorSymbology_defaultPolygon_attributeColor_18":[1,1,0,1],"ColorSymbology_defaultPolygon_attributeColor_19":[1,1,0,1],"ColorSymbology_defaultPolygon_attributeColor_2":[0.629824101924896,0.0939531922340393,0.629834294319153,0.381215453147888],"ColorSymbology_defaultPolygon_attributeColor_20":[1,1,0,1],"ColorSymbology_defaultPolygon_attributeColor_21":[1,1,0,1],"ColorSymbology_defaultPolygon_attributeColor_22":[1,1,0,1],"ColorSymbology_defaultPolygon_attributeColor_23":[1,1,0,1],"ColorSymbology_defaultPolygon_attributeColor_24":[1,1,0,1],"ColorSymbology_defaultPolygon_attributeColor_25":[1,1,0,1],"ColorSymbology_defaultPolygon_attributeColor_26":[1,1,0,1],"ColorSymbology_defaultPolygon_attributeColor_27":[1,1,0,1],"ColorSymbology_defaultPolygon_attributeColor_28":[1,1,0,1],"ColorSymbology_defaultPolygon_attributeColor_29":[1,1,0,1],"ColorSymbology_defaultPolygon_attributeColor_3":[0.674033164978027,0,1,0.0773480534553528],"ColorSymbology_defaultPolygon_attributeColor_30":[1,1,0,1],"ColorSymbology_defaultPolygon_attributeColor_31":[1,1,0,1],"ColorSymbology_defaultPolygon_attributeColor_4":[0.176795601844788,1,0,0.679558038711548],"ColorSymbology_defaultPolygon_attributeColor_5":[0,0,1,1],"ColorSymbology_defaultPolygon_attributeColor_6":[0.140655040740967,0.35359114408493,0.180654019117355,0.640883982181549],"ColorSymbology_defaultPolygon_attributeColor_7":[0.150422751903534,0.425414383411407,0.238541603088379,0],"ColorSymbology_defaultPolygon_attributeColor_8":[1,1,0,1],"ColorSymbology_defaultPolygon_attributeColor_9":[1,1,0,1],"OpenSteerAnnotation":false,"buildingHeightMultiplier":0.180000007152557,"cameraCenter":[0.0102422870695591,-0.0274330340325832,0],"cameraEye":[0.0102422870695591,-0.0274330340325832,0.19653782248497],"cameraMode":0,"cameraUp":[0,1,0],"openSteerCameraDist":0.0280000008642673,"renderSettingsFillMeshes":true,"renderSettingsFillPolygons":true,"renderSettingsRenderBingMaps":true,"renderSettingsRenderLinearFeatures":true,"renderSettingsRenderMeshOutlines":true,"renderSettingsRenderModels":true,"renderSettingsRenderPolygonOutlines":true,"renderSettingsRenderSkyBox":true,"showAnimationPanel":true,"showAttributePanel":true,"showBingMapsFrameBufferDebugPanel":false,"showBingTileSystemPanel":true,"showBoostGeomTestPanel":false,"showCameraInfoPanel":false,"showFrameBufferDepthDebugPanel":false,"showGUI_Settings_Panel":false,"showGeosTestPanel":false,"showLogPanel":true,"showModelViewerPanel":false,"showNormalFrameBufferDebugPanel":false,"showOpenSteerPanel":true,"showOpenSteerTestPanel":false,"showPerformancePanel":true,"showRenderSettingsPanel":true,"showSymbologyPanel":true}