{"ColorDistanceShader3D_attributeColor_0":[0.74585634469986,0.398438155651093,0.168950885534286,0.530386745929718],"ColorDistanceShader3D_attributeColor_1":[1,1,0,1],"ColorDistanceShader3D_attributeColor_10":[0.291261255741119,0.207075476646423,0.35359114408493,0.740331530570984],"ColorDistanceShader3D_attributeColor_11":[0.183694019913673,0.183694139122963,0.651933670043945,0.662983417510986],"ColorDistanceShader3D_attributeColor_12":[4.57874273218134e-41,-1.71374692668539e+16,4.57874273218134e-41,2.80259692864963e-45],"ColorDistanceShader3D_attributeColor_13":[0,2.69049305150365e-43,0,7.00649232162409e-45],"ColorDistanceShader3D_attributeColor_14":[0,0,1.65303893084384e-39,-1.71374177272463e+16],"ColorDistanceShader3D_attributeColor_15":[4.57874273218134e-41,-1.71375208064614e+16,4.57874273218134e-41,2.80259692864963e-45],"ColorDistanceShader3D_attributeColor_16":[0,1.79366203433577e-43,0,8.4077907859489e-45],"ColorDistanceShader3D_attributeColor_17":[0,0,1.92854541931782e-39,-1.71374692668539e+16],"ColorDistanceShader3D_attributeColor_18":[4.57874273218134e-41,-1.71381049220137e+16,4.57874273218134e-41,2.80259692864963e-45],"ColorDistanceShader3D_attributeColor_19":[0,1.79366203433577e-43,0,9.80908925027372e-45],"ColorDistanceShader3D_attributeColor_2":[1,0,1,1],"ColorDistanceShader3D_attributeColor_20":[0,0,2.20405190779179e-39,0],"ColorDistanceShader3D_attributeColor_21":[0,-1.71376238856765e+16,4.57874273218134e-41,7.00649232162409e-45],"ColorDistanceShader3D_attributeColor_22":[0,7.17464813734306e-43,1.40129846432482e-44,0],"ColorDistanceShader3D_attributeColor_23":[0,0,2.47955839626576e-39,-1.7137572346069e+16],"ColorDistanceShader3D_attributeColor_24":[4.57874273218134e-41,-1.71376754252841e+16,4.57874273218134e-41,7.00649232162409e-45],"ColorDistanceShader3D_attributeColor_25":[0,9.86514118884671e-43,0,1.40129846432482e-45],"ColorDistanceShader3D_attributeColor_26":[0,0,2.75506488473974e-39,-1.71376238856765e+16],"ColorDistanceShader3D_attributeColor_27":[4.57874273218134e-41,-1.71377269648916e+16,4.57874273218134e-41,7.00649232162409e-45],"ColorDistanceShader3D_attributeColor_28":[0,9.86514118884671e-43,1.40129846432482e-45,2.80259692864963e-45],"ColorDistanceShader3D_attributeColor_29":[0,0,3.03057137321371e-39,-1.71376754252841e+16],"ColorDistanceShader3D_attributeColor_3":[0,1,0,1],"ColorDistanceShader3D_attributeColor_30":[4.57874273218134e-41,-1.71377785044992e+16,4.57874273218134e-41,7.00649232162409e-45],"ColorDistanceShader3D_attributeColor_31":[0,9.86514118884671e-43,2.80259692864963e-45,4.20389539297445e-45],"ColorDistanceShader3D_attributeColor_4":[0.436981797218323,0.141021326184273,0.580110490322113,0.618784546852112],"ColorDistanceShader3D_attributeColor_5":[0,0,1,1],"ColorDistanceShader3D_attributeColor_6":[0.779005527496338,0.539675533771515,0.0688623785972595,0.535911560058594],"ColorDistanceShader3D_attributeColor_7":[1,0,0,1],"ColorDistanceShader3D_attributeColor_8":[0.138701528310776,0.138701662421227,0.784530401229858,0.696132600307465],"ColorDistanceShader3D_attributeColor_9":[0.64088374376297,0.0956014916300774,0.640883982181549,0.74585634469986],"ColorDistanceShader_attributeColor_0":[0.134367093443871,0.385811865329742,0.784530401229858,0.364640891551971],"ColorDistanceShader_attributeColor_1":[1,1,0,1],"ColorDistanceShader_attributeColor_10":[1,1,0,1],"ColorDistanceShader_attributeColor_11":[1,1,0,1],"ColorDistanceShader_attributeColor_12":[1,1,0,1],"ColorDistanceShader_attributeColor_13":[1,1,0,1],"ColorDistanceShader_attributeColor_14":[1,1,0,1],"ColorDistanceShader_attributeColor_15":[1,1,0,1],"ColorDistanceShader_attributeColor_16":[1,1,0,1],"ColorDistanceShader_attributeColor_17":[1,1,0,1],"ColorDistanceShader_attributeColor_18":[1,1,0,1],"ColorDistanceShader_attributeColor_19":[1,1,0,1],"ColorDistanceShader_attributeColor_2":[1,0,1,1],"ColorDistanceShader_attributeColor_20":[1,1,0,1],"ColorDistanceShader_attributeColor_21":[1,1,0,1],"ColorDistanceShader_attributeColor_22":[1,1,0,1],"ColorDistanceShader_attributeColor_23":[1,1,0,1],"ColorDistanceShader_attributeColor_24":[1,1,0,1],"ColorDistanceShader_attributeColor_25":[1,1,0,1],"ColorDistanceShader_attributeColor_26":[1,1,0,1],"ColorDistanceShader_attributeColor_27":[1,1,0,1],"ColorDistanceShader_attributeColor_28":[1,1,0,1],"ColorDistanceShader_attributeColor_29":[1,1,0,1],"ColorDistanceShader_attributeColor_3":[0,1,0,1],"ColorDistanceShader_attributeColor_30":[1,1,0,1],"ColorDistanceShader_attributeColor_31":[1,1,0,1],"ColorDistanceShader_attributeColor_4":[0.127812668681145,0.508287310600281,0.123561546206474,0.657458543777466],"ColorDistanceShader_attributeColor_5":[0,0,1,1],"ColorDistanceShader_attributeColor_6":[1,0,0,1],"ColorDistanceShader_attributeColor_7":[1,0,0,1],"ColorDistanceShader_attributeColor_8":[1,1,0,1],"ColorDistanceShader_attributeColor_9":[1,1,0,1],"renderSettingsFillPolygons":true,"renderSettingsRenderLinearFeatures":true,"renderSettingsRenderPolygonOutlines":true,"renderSettingsRenderSkyBox":true,"showAttributePanel":true,"showGUI_Settings_Panel":false,"showLogPanel":true,"showMVP_MatrixPanel":false,"showOpenSteerPanel":false,"showOpenSteerTestPanel":false,"showPerformancePanel":true,"showRenderSettingsPanel":true,"showSceneViewPanel":false,"showSymbologyPanel":true,"showViewMatrixPanel":false}