{"ColorDistanceShader::maxColor":[0,1,0,0.419889509677887],"ColorDistanceShader::maxDist":7,"ColorDistanceShader::minColor":[1,0,0,1],"ColorDistanceShader::minDist":0,"attributeColor_0":[0.0980434268712997,0.442549586296082,0.806629836559296,0],"attributeColor_1":[0,0.086932584643364,0.983425438404083,0],"attributeColor_10":[0.977900564670563,0.648331880569458,0,1],"attributeColor_11":[1,0.828729271888733,0,0.386740326881409],"attributeColor_12":[0.167932510375977,0.767955780029297,0.161228314042091,0.662983417510986],"attributeColor_13":[0.0503573603928089,0.541436433792114,0.0448704212903976,0.508287310600281],"attributeColor_14":[0.658740639686584,1,0.049723744392395,1],"attributeColor_15":[0,1,0.950276136398315,0.458563506603241],"attributeColor_16":[0.161228269338608,0.597007274627686,0.767955780029297,1],"attributeColor_17":[0.0448704212903976,0.483830779790878,0.541436433792114,1],"attributeColor_18":[0.049723744392395,1,0.924409568309784,0],"attributeColor_19":[0,1,0.950276136398315,0.458563506603241],"attributeColor_2":[0.369575679302216,0.530386745929718,0.152376279234886,1],"attributeColor_20":[0,0,0,0],"attributeColor_21":[0,0,0,0],"attributeColor_22":[0,0,0,0],"attributeColor_23":[0,0,0,0],"attributeColor_24":[0,0,0,0],"attributeColor_25":[0,0,0,0],"attributeColor_26":[0,0,0,0],"attributeColor_27":[0,0,0,0],"attributeColor_28":[0,0,0,0],"attributeColor_29":[0,0,0,0],"attributeColor_3":[0,0.552486419677734,1,0.50276243686676],"attributeColor_30":[0,0,0,0],"attributeColor_31":[0,0,0,0],"attributeColor_4":[0.729281783103943,0.472524344921112,0.141021341085434,1],"attributeColor_5":[1,0.861878395080566,0,0.74585634469986],"attributeColor_6":[0.878453016281128,0.847858250141144,0.0873599499464035,1],"attributeColor_7":[0,1,0.386740207672119,0],"attributeColor_8":[0.297909617424011,0.0271054077893496,0.817679524421692,1],"attributeColor_9":[1,0.563535869121552,0,1],"showAttributePanel":true,"showAttributionPanel":true,"showGUI_Settings_Panel":false,"showLogPanel":true,"showMVP_MatrixPanel":false,"showPerformancePanel":true,"showRenderSettingsPanel":true,"showSceneViewPanel":false,"showViewMatrixPanel":false}