{"ColorDistanceShader::maxColor":[0.60220992565155,0.543038547039032,0.312749922275543,0.215469598770142],"ColorDistanceShader::maxDist":30,"ColorDistanceShader::minColor":[0.773801624774933,0.594639956951141,0.889502763748169,1],"ColorDistanceShader::minDist":0,"attributeColor_0":[0.185342311859131,0.465924620628357,0.762430906295776,0.331491708755493],"attributeColor_1":[0,0.086932584643364,0.983425438404083,0],"attributeColor_10":[0.977900564670563,0.648331880569458,0,1],"attributeColor_11":[1,0.828729271888733,0,1],"attributeColor_12":[0.0806587785482407,0.491712689399719,0.0760660395026207,0.381215453147888],"attributeColor_13":[0.0448704212903976,0.541436433792114,0.154608651995659,0.580110490322113],"attributeColor_14":[0.658740639686584,1,0.049723744392395,1],"attributeColor_15":[0.117212526500225,0.820433676242828,0.883977890014648,1],"attributeColor_16":[0.161228269338608,0.597007274627686,0.767955780029297,1],"attributeColor_17":[0.0448704212903976,0.483830779790878,0.541436433792114,1],"attributeColor_18":[0.049723744392395,1,0.924409568309784,0],"attributeColor_19":[0.117212526500225,0.820433676242828,0.883977890014648,1],"attributeColor_2":[0.369575679302216,0.530386745929718,0.152376279234886,1],"attributeColor_20":[0,0,0,0],"attributeColor_21":[0,0,0,0],"attributeColor_22":[0,0,0,0],"attributeColor_23":[0,0,0,0],"attributeColor_24":[0,0,0,0],"attributeColor_25":[0,0,0,0],"attributeColor_26":[0,0,0,0],"attributeColor_27":[0,0,0,0],"attributeColor_28":[0,0,0,0],"attributeColor_29":[0,0,0,0],"attributeColor_3":[0,0.552486419677734,1,0.50276243686676],"attributeColor_30":[0,0,0,0],"attributeColor_31":[0,0,0,0],"attributeColor_4":[0.729281783103943,0.472524344921112,0.141021341085434,1],"attributeColor_5":[1,0.861878395080566,0,0.74585634469986],"attributeColor_6":[0.878453016281128,0.847858250141144,0.0873599499464035,1],"attributeColor_7":[0,1,0.386740207672119,0],"attributeColor_8":[0.297909617424011,0.0271054077893496,0.817679524421692,1],"attributeColor_9":[1,0.563535869121552,0,1],"showAttributePanel":false,"showAttributionPanel":true,"showGUI_Settings_Panel":false,"showLogPanel":false,"showMVP_MatrixPanel":false,"showOpenSteerTestPanel":false,"showPerformancePanel":false,"showRenderSettingsPanel":false,"showSceneViewPanel":false,"showViewMatrixPanel":false}